id;npart;download_link;download_description;test_name;test_question_count
1;95392;Human;back up Factors;architectures;96665
2;57229;Facilitator Incredible functionalities;compressing;Bedfordshire;37268
3;55680;Configuration UIC-Franc;Ergonomic Concrete Soap Zambian Kwacha;Concrete Bedfordshire;87737
4;32255;calculating Metal array;discrete redundant;Synergistic Personal Loan Account Sleek;518
5;50151;digital deposit;extend Unbranded Fresh Pants Tools;Practical North Dakota;3594
6;32815;Towels Specialist;Utah Computers Small Fresh Gloves;Brunei Darussalam interface;82786
7;76999;lavender;Club backing up;Iran;54063
8;69951;Metal Frozen;Buckinghamshire alliance redundant;content;74404
9;7845;Electronics;Refined infomediaries Som;Salad;15643
10;44235;Optimized;microchip;Response invoice;51669
