id;client_fio;text;item_name;date
1;National;Ranch impactful;Berkshire Awesome;2019-12-13
2;Nevada quantify architectures;empower;customized payment;2019-12-13
3;dot-com;methodology Integration Music;Pants;2019-12-13
4;Pizza blue;digital;Internal;2019-12-13
5;Andorra;Rand Namibia Dollar Executive;incubate Agent TCP;2019-12-13
6;Networked Fish Tanzanian Shilling;hard drive Mexico Gardens;override silver orchestration;2019-12-13
7;Buckinghamshire;Bouvet Island (Bouvetoya);Auto Loan Account asymmetric Montana;2019-12-13
8;Haven Montenegro Fantastic Plastic Table;Bahamas;Manager open architecture;2019-12-13
9;Customer-focused;Shoes Rubber Mall;users scalable;2019-12-13
10;calculating Administrator Frozen;Representative mint green streamline;synthesize Arizona synthesizing;2019-12-13
